{
  "id": "draconic-embodiment",
  "title": "Draconic Embodiment",
  "version": "0.8",
  "compatibility": {
    "minimum": "12",
    "verified": "12"
  },
  "description": "Draconic Embodiment homebrew for Pathfinder 2nd Edition",
  "authors": [
    {
      "name": "danielleheho",
      "url": "https://bsky.app/profile/danielleheho.bsky.social",
      "flags": {}
    }
  ],
  "packs": [
    {
      "name": "draconic-embodiment",
      "label": "Draconic Embodiment",
      "path": "packs/draconic-embodiment",
      "type": "Item",
      "system": "pf2e",
      "ownership": {
        "PLAYER": "OBSERVER",
        "ASSISTANT": "OWNER"
      }
    }
  ],
  "relationships": {
    "systems": [
      {
        "id": "pf2e",
        "type": "system",
        "compatibility": {}
      }
    ]
  }
}